model	label	dataset	concurrency	pct_of_gpu	calls	mean_us	category	shape_status	sglang_relevant	kernel	top_cpu_ops	sample_shape_provenance	sample_shapes_json
Qwen/Qwen3-Coder-480B-A35B-Instruct-FP8	random_mid	random	mid	16.3030	1000	562.30	comm	ok	True	ncclDevKernel_AllReduce_Sum_bf16_RING_LL(ncclDevKernelArgsStorage<4096ul>)	record_param_comms | sglang::trtllm_fp8_block_scale_moe_wrapper	external_id=10848	"{""Concrete Inputs"": ["""", """", """", ""4"", """", ""[]"", ""[]"", ""0"", ""1"", ""8""], ""Input Dims"": [[[11011, 6144]], [], [], [], [], [], [], [], [], []], ""Input Strides"": [[[6144, 1]], [], [], [], [], [], [], [], [], []], ""Input type"": [""TensorList"", """", """", ""Scalar"", """", ""ScalarList"", ""ScalarList"", ""Scalar"", ""Scalar"", ""Scalar""]}"
Qwen/Qwen3-Coder-480B-A35B-Instruct-FP8	random_mid	random	mid	11.9854	7872	52.51	comm	ok	True	void flashinfer::trtllm_allreduce_fusion::allreduce_fusion_kernel_oneshot_lamport<(flashinfer::trtllm_allreduce_fusion::AllReduceFusionPattern)1, __nv_bfloat16, 8, false, false>(flashinfer::trtllm_allreduce_fusion::AllReduceFusionParams<__nv_bfloat16>)	aten::copy_	nearest_preceding_shape_cpu_op	"{""Concrete Inputs"": ["""", """", ""True""], ""Input Dims"": [[32], [32], []], ""Input Strides"": [[1], [1], []], ""Input type"": [""long int"", ""long int"", ""Scalar""]}"
Qwen/Qwen3-Coder-480B-A35B-Instruct-FP8	random_mid	random	mid	10.5624	3968	91.81	moe	ok	True	void moe::dev::activation::activationDeepSeekKernel<moe::dev::activation::KernelParams<cutlass::float_e4m3_t, 4, true> >(moe::dev::activation::KernelParams<cutlass::float_e4m3_t, 4, true>)	sglang::trtllm_fp8_block_scale_moe_wrapper	external_id=13473	"{""Concrete Inputs"": ["""", """", """", """", """", """", """", """", ""160"", ""8"", """", """", ""2560"", ""80"", ""20"", ""1."", ""1"", ""False"", ""0"", """", ""16384"", ""1"", ""3""], ""Input Dims"": [[11011, 160], [], [11011, 6144], [48, 11011], [20, 5120, 6144], [20, 40, 48], [20, 6144, 2560], [20, 48, 20], [], [], [], [], [], [], [], [], [], [], [], [], [], [], []], ""Input Strides"": [[160, 1], [], [6144, 1], [11011, 1], [31457280, 6144, 1], [1920, 48, 1], [15728640, 2560, 1], [960, 20, 1], [], [], [], [], [], [], [], [], [], [], [], [], [], [], []], ""Input type"": [""c10::BFloat16"", """", ""c10::Float8_e4m3fn"", ""float"", ""c10::Float8_e4m3fn"", ""float"", ""c10::Float8_e4m3fn"", ""float"", ""Scalar"", ""Scalar"", """", """", ""Scalar"", ""Scalar"", ""Scalar"", ""Scalar"", ""Scalar"", ""Scalar"", ""Scalar"", """", ""Scalar"", ""Scalar"", ""Scalar""]}"
Qwen/Qwen3-Coder-480B-A35B-Instruct-FP8	random_mid	random	mid	10.3535	496	719.96	quant_gemm	ok	True	bmm_E4m3_E4m3E4m3_Fp32_t128x64x128u2_s6_et64x64_m64x64x32_c1x1x1_rM_TN_transOut_noShfl_dsFp8_schPd4x2x2x3_bN_tma_tmaSf_rgTma_clmp_lbW4_dynB_sm100f	sglang::trtllm_fp8_block_scale_moe_wrapper	external_id=13473	"{""Concrete Inputs"": ["""", """", """", """", """", """", """", """", ""160"", ""8"", """", """", ""2560"", ""80"", ""20"", ""1."", ""1"", ""False"", ""0"", """", ""16384"", ""1"", ""3""], ""Input Dims"": [[11011, 160], [], [11011, 6144], [48, 11011], [20, 5120, 6144], [20, 40, 48], [20, 6144, 2560], [20, 48, 20], [], [], [], [], [], [], [], [], [], [], [], [], [], [], []], ""Input Strides"": [[160, 1], [], [6144, 1], [11011, 1], [31457280, 6144, 1], [1920, 48, 1], [15728640, 2560, 1], [960, 20, 1], [], [], [], [], [], [], [], [], [], [], [], [], [], [], []], ""Input type"": [""c10::BFloat16"", """", ""c10::Float8_e4m3fn"", ""float"", ""c10::Float8_e4m3fn"", ""float"", ""c10::Float8_e4m3fn"", ""float"", ""Scalar"", ""Scalar"", """", """", ""Scalar"", ""Scalar"", ""Scalar"", ""Scalar"", ""Scalar"", ""Scalar"", ""Scalar"", """", ""Scalar"", ""Scalar"", ""Scalar""]}"
Qwen/Qwen3-Coder-480B-A35B-Instruct-FP8	random_mid	random	mid	6.9241	3224	74.07	quant_gemm	ok	True	bmm_E4m3_E4m3E4m3_Fp32_t128x8x128u2_s8_et64x8_m64x8x32_c1x1x1_rM_TN_transOut_noShfl_dsFp8_schPd4x2x2x3_bN_tma_tmaSf_rgTma_clmp_lbW2_dynB_sm100f	aten::copy_ | aten::add	nearest_preceding_shape_cpu_op	"{""Concrete Inputs"": ["""", """", ""True""], ""Input Dims"": [[32], [32], []], ""Input Strides"": [[1], [1], []], ""Input type"": [""long int"", ""long int"", ""Scalar""]}"
Qwen/Qwen3-Coder-480B-A35B-Instruct-FP8	random_mid	random	mid	5.1130	496	355.55	quant_gemm	ok	True	bmm_Bfloat16_E4m3E4m3_Fp32_t128x64x128u2_s6_et64x64_m64x64x32_c1x1x1_rM_TN_transOut_noShfl_dsFp8_schPd4x2x2x3_bN_rgTma_clmp_dynB_sm100f	sglang::trtllm_fp8_block_scale_moe_wrapper	external_id=13473	"{""Concrete Inputs"": ["""", """", """", """", """", """", """", """", ""160"", ""8"", """", """", ""2560"", ""80"", ""20"", ""1."", ""1"", ""False"", ""0"", """", ""16384"", ""1"", ""3""], ""Input Dims"": [[11011, 160], [], [11011, 6144], [48, 11011], [20, 5120, 6144], [20, 40, 48], [20, 6144, 2560], [20, 48, 20], [], [], [], [], [], [], [], [], [], [], [], [], [], [], []], ""Input Strides"": [[160, 1], [], [6144, 1], [11011, 1], [31457280, 6144, 1], [1920, 48, 1], [15728640, 2560, 1], [960, 20, 1], [], [], [], [], [], [], [], [], [], [], [], [], [], [], []], ""Input type"": [""c10::BFloat16"", """", ""c10::Float8_e4m3fn"", ""float"", ""c10::Float8_e4m3fn"", ""float"", ""c10::Float8_e4m3fn"", ""float"", ""Scalar"", ""Scalar"", """", """", ""Scalar"", ""Scalar"", ""Scalar"", ""Scalar"", ""Scalar"", ""Scalar"", ""Scalar"", """", ""Scalar"", ""Scalar"", ""Scalar""]}"
Qwen/Qwen3-Coder-480B-A35B-Instruct-FP8	random_mid	random	mid	3.3335	3472	33.11	quant_gemm	ok	True	nvjet_sm100_tst_32x64_64x16_4x1_v_bz_splitK_TNN	aten::copy_	nearest_preceding_shape_cpu_op	"{""Concrete Inputs"": ["""", """", ""True""], ""Input Dims"": [[32], [32], []], ""Input Strides"": [[1], [1], []], ""Input type"": [""long int"", ""long int"", ""Scalar""]}"
Qwen/Qwen3-Coder-480B-A35B-Instruct-FP8	random_mid	random	mid	3.1917	2976	36.99	quant_gemm	ok	True	bmm_Bfloat16_E4m3E4m3_Fp32_t128x8x128u2_s8_et64x8_m64x8x32_c1x1x1_rM_TN_transOut_noShfl_dsFp8_schPd4x2x2x3_bN_rgTma_clmp_dynB_sm100f	aten::copy_ | aten::add	nearest_preceding_shape_cpu_op	"{""Concrete Inputs"": ["""", """", ""True""], ""Input Dims"": [[32], [32], []], ""Input Strides"": [[1], [1], []], ""Input type"": [""long int"", ""long int"", ""Scalar""]}"
Qwen/Qwen3-Coder-480B-A35B-Instruct-FP8	random_mid	random	mid	2.9618	1040	98.23	gemm	ok	True	kernel_cutlass_kernel_flashinfernormkernelsfused_add_rmsnormFusedAddRMSNormKernel_object_at__tensorptrbf16gmemalign128o614461441_tensorptrbf16gmemalign128o614461441_tensorptrbf16gmemalign_0	aten::copy_ | aten::empty	nearest_preceding_shape_cpu_op	"{""Concrete Inputs"": ["""", """", ""True""], ""Input Dims"": [[32], [32], []], ""Input Strides"": [[1], [1], []], ""Input type"": [""long int"", ""long int"", ""Scalar""]}"
